<?xml version="1.0" encoding="UTF-8"?>
<project-private xmlns="http://www.netbeans.org/ns/project-private/1">
    <editor-bookmarks xmlns="http://www.netbeans.org/ns/editor-bookmarks/2" lastBookmarkId="0"/>
    <open-files xmlns="http://www.netbeans.org/ns/projectui-open-files/2">
        <group>
            <file>file:/C:/Users/snidg/MPLABXProjects/PROJECT-1-AUTOMATIVE-DASHBOARD.X/matrix_keypad.h</file>
            <file>file:/C:/Users/snidg/MPLABXProjects/PROJECT-1-AUTOMATIVE-DASHBOARD.X/can.h</file>
            <file>file:/C:/Users/snidg/MPLABXProjects/PROJECT-1-AUTOMATIVE-DASHBOARD.X/main.h</file>
            <file>file:/C:/Users/snidg/MPLABXProjects/PROJECT-1-AUTOMATIVE-DASHBOARD.X/clcd.h</file>
            <file>file:/C:/Users/snidg/MPLABXProjects/PROJECT-1-AUTOMATIVE-DASHBOARD.X/can.c</file>
            <file>file:/C:/Users/snidg/MPLABXProjects/PROJECT-1-AUTOMATIVE-DASHBOARD.X/main.c</file>
            <file>file:/C:/Users/snidg/MPLABXProjects/PROJECT-1-AUTOMATIVE-DASHBOARD.X/adc.c</file>
            <file>file:/C:/Users/snidg/MPLABXProjects/PROJECT-1-AUTOMATIVE-DASHBOARD.X/matrix_keypad.c</file>
            <file>file:/C:/Users/snidg/MPLABXProjects/PROJECT-1-AUTOMATIVE-DASHBOARD.X/adc.h</file>
            <file>file:/C:/Users/snidg/MPLABXProjects/PROJECT-1-AUTOMATIVE-DASHBOARD.X/clcd.c</file>
        </group>
    </open-files>
</project-private>
